"device_info_serial","date_time","latitude","longitude","altitude","pressure","temperature","satellites_used","gps_fixtime","positiondop","h_accuracy","v_accuracy","x_speed","y_speed","z_speed","speed_accuracy","location","userflag","speed_2d","speed_3d","direction","altitude_agl"
1,"2010-06-29 00:10:45",53.0095272,4.7179211,1,,19.4,5,23.3,5.9,8.7,6.3,-0.03,-0.06,-0.03,0.42,"0101000020E6100000F26E76B526DF12401336F22F38814A40",0,0.0581561018827814,0.0734846922834953,-80.3264896978959,-3
1,"2010-06-29 00:31:30",53.0095136,4.7180648,5,,20.4,5,52.2,3.5,6.6,6.5,0.02,0.08,-0.02,3.91,"0101000020E610000097A201614CDF1240016FDCBD37814A40",0,0.0848528107235021,0.0848528137423857,113.040678428023,1
1,"2010-06-29 00:51:45",52.9950223,4.7276996,3,,18.2,6,19.3,3.5,5.3,7.3,-0.43,-0.24,-0.01,3.33,"0101000020E6100000C73F7D152AE9124036A506E45C7F4A40",0,0.406712783699662,0.49254441424099,-30.0628600321498,4
1,"2010-06-29 00:56:44",52.9950252,4.7277308,3,,19.2,6,14.4,3.6,6.1,7.9,-0.15,-0.03,0.31,3.51,"0101000020E6100000EC2A494332E9124012595AFC5C7F4A40",0,0.308437508603992,0.345687720348872,-3.25904564341081,4
1,"2010-06-29 01:01:49",52.995023,4.7277073,1,,19.9,6,15.4,3.7,5.6,7.7,-0.06,-0.11,0.33,3.35,"0101000020E6100000E93D3A1A2CE9124048E2E5E95C7F4A40",0,0.274368472243472,0.352987251894456,-22.4286471312785,2
1,"2010-06-29 01:06:53",52.9950168,4.7277329,3,,20.5,5,15.4,3.9,6.2,7.9,-0.05,-0.01,-0.01,3.66,"0101000020E610000099E436D032E912403C7CE3B55C7F4A40",0,0.0349252226382799,0.0519615242270663,-9.63410251753705,4
1,"2010-06-29 01:12:07",52.9950834,4.7277737,0,,21,5,25.3,3.9,6,4.5,0.01,0,0.01,0.32,"0101000020E6100000408E41823DE9124070E591E45E7F4A40",0,0.00210767152879348,0.014142135623731,-156.979821012138,1
1,"2010-06-29 01:17:01",52.9950364,4.72769,0,,21.5,5,15.4,3.1,3.5,7.3,-0.01,-0.14,-0.1,2.98,"0101000020E610000045813E9127E912402F2A4E5A5D7F4A40",0,0.145216520576097,0.172336879396141,-107.230298775074,1
1,"2010-06-29 01:22:15",52.995103,4.7278048,0,,21.2,4,25.1,5.1,7.9,5.1,-0.02,0.01,-0.01,0.36,"0101000020E6100000BF7C57A945E912406493FC885F7F4A40",0,0.0148417572285488,0.0244948974278318,51.4946537323395,1
1,"2010-06-29 01:27:19",52.9951229,4.7278377,-2,,21.4,4,25.2,5.9,9.6,5,-0.01,0.02,0.03,0.4,"0101000020E6100000F62E39494EE912401680EB2F607F4A40",0,0.0322621475603611,0.0374165738677394,40.0428276831193,-1
1,"2010-06-29 01:32:23",52.9951667,4.7279033,-1,,21.4,4,25.2,7.2,12.3,4.8,-0.04,0.04,0.02,0.45,"0101000020E6100000179A907B5FE91240BC48579F617F4A40",0,0.0596954854153723,0.06,46.304132425267,0
1,"2010-06-29 01:37:27",52.9952204,4.727974,-1,,21.3,4,25.2,9.6,16.9,4.6,0,0,0,0.56,"0101000020E61000006C5A290472E91240F127CF61637F4A40",0,0,0,0.0,0
1,"2010-06-29 01:42:19",52.9832868,4.7230165,16,,17.4,4,13.2,5,6.9,12.7,9.66,-2.02,-6.95,5.49,"0101000020E6100000A0DFF76F5EE41240544B8457DC7D4A40",0,12.0696730469119,12.0705633671341,-166.544299392943,16
1,"2010-06-29 01:47:39",52.9683311,4.7116022,-4,,16.4,5,13.2,2.2,5,6.1,8.02,-2.04,-7.63,3.97,"0101000020E6100000EE0B433FAED8124090190346F27B4A40",0,11.1713688427249,11.2560605897445,-166.056693764642,-4
1,"2010-06-29 01:52:44",52.9400776,4.6991684,8,,16.3,5,14.1,2.1,4.3,5.5,7.44,-5.76,-5.66,3.42,"0101000020E61000002A9611CDF2CB1240E1D9797654784A40",0,10.9752575472732,10.9802914351123,-144.648703854285,8
1,"2010-06-29 01:58:17",52.9076753,4.6928957,11,,16.5,5,42.9,2.2,5.8,5.1,8.37,-0.59,-6.94,5.34,"0101000020E6100000F7274C7386C51240897148B42E744A40",0,10.8758255208208,10.8889209750094,-173.279193327621,11
1,"2010-06-29 02:03:21",52.9018944,4.6898022,-22,,17.6,4,27.1,10.6,15.5,8.4,0.64,-0.04,-0.49,0.64,"0101000020E6100000DDD506825BC212400839944671734A40",0,0.806991400304701,0.807031597894407,-173.440030121522,-22
1,"2010-06-29 02:08:39",52.8953894,4.6778456,17,,17,6,41,1.8,7.4,6.4,1.7,-8.87,-0.95,2.77,"0101000020E610000033F32E281DB61240B017AF1E9C724A40",0,9.07963923906852,9.08126643150612,-98.5346356912874,17
1,"2010-06-29 02:14:11",52.9032077,4.6330746,14,,16.1,6,51.6,1.7,7.8,5.2,-4.57,-9.94,2.5,4.17,"0101000020E61000008FB63BB544881240697F564F9C734A40",0,11.1537724838357,11.2222323982352,-58.7786198311359,14
1,"2010-06-29 02:19:34",52.9059576,4.6245268,-13,,17.3,6,40,2,3.9,4.1,0.08,-0.53,-0.08,1.11,"0101000020E6100000F2E615F4837F124005C82B6BF6734A40",0,0.540350324163087,0.541940956193569,-98.2749665015673,-13
1,"2010-06-29 02:24:27",52.9073907,4.6135559,-8,,18.8,5,13.2,3.9,7.9,8.4,-0.18,-2.03,-0.27,4.15,"0101000020E6100000461273FF47741240E798E26025744A40",0,2.01198205438018,2.05577236093883,-86.8511126320416,-8
1,"2010-06-29 02:29:33",52.9077016,4.6062214,-1,,17.8,6,15.1,1.8,4.8,4.7,-0.07,-1.85,-0.09,3.24,"0101000020E6100000958A7C4DC56C12407143E7902F744A40",0,1.84230808369199,1.85351018340877,-86.2689456835317,-1
1,"2010-06-29 02:34:38",52.9076882,4.6007547,-10,,18.7,5,16.2,3.7,7.8,7.4,-0.61,-0.76,-0.82,4.51,"0101000020E610000055AC753D2C67124089FB7E202F744A40",0,0.709699225749533,1.27361689687284,-86.8424463081529,-10
1,"2010-06-29 02:39:52",52.9071555,4.5995001,-18,,19.3,5,26.1,9.5,14.6,9.5,0.07,-0.37,-0.1,0.61,"0101000020E610000080CBAD5AE36512407A71E2AB1D744A40",0,0.385630654903894,0.389615194775563,-103.84812120602,-18
1,"2010-06-29 02:44:45",52.8968179,4.6060352,8,,16.5,6,15.2,1.7,5.5,4.7,3.52,-6.72,-2.89,5.04,"0101000020E610000037E6D07D946C1240D47BCFEDCA724A40",0,8.1016564105858,8.11793693003339,-120.495211331783,8
1,"2010-06-29 02:49:59",52.9041378,4.6130785,12,,16.7,5,25,5.4,10.3,7.4,-1.57,11.76,0.49,3.21,"0101000020E6100000E085ADD9CA731240E80995C9BA734A40",0,11.8744387773276,11.874451566283,86.1884487110086,12
1,"2010-06-29 02:54:51",52.8790688,4.6327216,10,,16.1,5,13.1,4.5,12,3.6,6.04,8.31,-5.23,5.89,"0101000020E610000024E4CD2BE88712408C77915385704A40",0,11.5270636187945,11.5278185273711,137.449824834526,10
1,"2010-06-29 02:59:56",52.8579537,4.6516338,-9,,15.6,5,14.1,3.4,8.7,5.8,5.91,-7.96,-4.18,4.85,"0101000020E610000071DF0FE4459B1240B97D456DD16D4A40",0,10.7580120832157,10.7592797156687,-128.553374973143,-9
1,"2010-06-29 03:05:01",52.8413617,4.6290032,-13,,15.3,5,15,4.9,10.1,12.1,1.62,-0.21,-1.4,6.23,"0101000020E61000004051346A19841240B1CD7CBDB16B4A40",0,2.14611295669125,2.15139489634051,-170.882977144643,-13
1,"2010-06-29 03:10:13",52.8465253,4.6161547,-18,,15.9,4,23,5.9,7.9,8.7,-0.47,-0.1,0.15,0.58,"0101000020E6100000551BF741F1761240495EE7F05A6C4A40",0,0.474440592323069,0.503388517946129,-7.49063495202896,-18
1,"2010-06-29 03:15:40",52.8478453,4.6170226,-10,,17.9,6,44.6,2.2,4.2,5.4,-0.47,0.06,0.18,0.61,"0101000020E61000005292BFC5D47712409EC8DD31866C4A40",0,0.48811426223773,0.506853035898967,11.5387714296152,-10
1,"2010-06-29 03:21:09",52.8595528,4.6270728,-11,,16.7,5,38.8,2.5,6,9.5,-5.52,7.19,3.14,4.75,"0101000020E610000037D8405F1F821240B6977ED3056E4A40",0,9.58156766034173,9.59302350669485,52.601253318171,-11
1,"2010-06-29 03:26:04",52.8605704,4.6260629,-13,,18.6,6,14.1,2.4,3.8,5.3,-0.66,0.06,0.34,2.97,"0101000020E6100000A7F402A216811240ECF3BD2B276E4A40",0,0.734585775641833,0.744848977981443,8.85161040295871,-13
1,"2010-06-29 03:31:09",52.8621081,4.6286532,-13,,18.8,6,15.1,2.5,3.7,5.4,-0.44,-0.05,0.43,2.89,"0101000020E61000005D1A1AAABD831240F08EE78E596E4A40",0,0.612607723964432,0.617251974480439,-1.34038122107125,-13
1,"2010-06-29 03:36:11",52.8646954,4.6279378,-13,,19,6,13.1,2.6,3.7,5.7,-0.84,-0.11,0.31,2.91,"0101000020E610000052B06B20028312403600C056AE6E4A40",0,0.862713605598951,0.902108640907513,-2.78155785061801,-13
1,"2010-06-29 03:41:15",52.8754333,4.6256073,-17,,17.4,5,12.9,3.2,3.9,7.5,-0.55,-0.14,0.27,3.34,"0101000020E6100000328E36339F80124028AAC8320E704A40",0,0.616454673374645,0.628490254498827,-8.8828451071244,-17
1,"2010-06-29 03:46:21",52.9017631,4.645219,28,,15.8,6,12.6,2.7,4.4,7.4,-11.03,1.84,8.38,3.28,"0101000020E610000003081F4AB4941240AA9E27F96C734A40",0,13.9732095363138,13.973936453269,11.2549712497537,28
1,"2010-06-29 03:51:38",52.9405372,4.6665843,76,,15.8,5,27.8,6.1,4.8,13.3,-11.66,3.32,8.21,1.96,"0101000020E6100000B41B221395AA1240F155E18563784A40",0,14.63893880525,14.6417929229996,16.9083778491731,76
1,"2010-06-29 03:56:33",52.9764579,4.6921994,77,,16,6,18.8,2.8,3.8,7.7,-11.05,6.24,7.94,0.91,"0101000020E6100000483E65EBCFC41240DE358D92FC7C4A40",0,14.9694178060143,14.9694255066786,28.413883390517,75
1,"2010-06-29 04:01:32",53.0095038,4.7179682,-7,,16.4,6,14,2.8,4.3,6.1,-0.05,0.01,0.32,2.24,"0101000020E61000009E454A0E33DF12400718A76B37814A40",0,0.232110256605578,0.324037034920393,3.47741530310403,-11
1,"2010-06-29 04:23:37",53.0094933,4.7179772,0,,21.2,6,10.9,2.6,3.9,6.1,-0.12,-0.04,-0.22,2.86,"0101000020E61000003818456A35DF1240FC83921337814A40",0,0.0455037301815882,0.25377155080899,-138.764023239682,-4
1,"2010-06-29 04:43:52",53.0109199,4.7208406,19,,21.8,5,25.7,3.2,5.1,6,-8.42,3.74,5.93,3.71,"0101000020E61000001D84CA0924E2124013B0C2D265814A40",0,10.9559464789158,10.9566828921896,23.794661680147,16
1,"2010-06-29 04:48:43",53.0183427,4.7238677,1,,20.1,6,12.9,2.1,5.2,5.3,0.02,0,0.38,3.91,"0101000020E6100000E08508933DE51240674FB80D59824A40",0,0.212676625355397,0.380525951808809,-0.443731408553723,-2
1,"2010-06-29 04:53:49",53.0183273,4.7237143,1,,18.4,5,14.9,3.1,9.9,10.7,0.1,0.12,0.31,4.68,"0101000020E61000001397885C15E51240DF0F898C58824A40",0,0.148986808981852,0.347131099154196,48.3682996487982,-1
1,"2010-06-29 04:58:53",53.0183465,4.7237424,2,,21.7,5,14.9,3.3,12.1,12.2,0.16,0.39,-0.3,5.1,"0101000020E610000009EA4ABA1CE512407FBF982D59824A40",0,0.50221833359022,0.517397332811061,131.610110424283,-1
1,"2010-06-29 05:03:58",53.0182874,4.7238084,0,,23.8,6,15.9,2,3.6,4,0.17,-0.05,0.16,2.65,"0101000020E6100000C5477A072EE51240E576D43D57824A40",0,0.0731844227916987,0.238746727726266,-119.286839329948,-2
1,"2010-06-29 05:09:01",53.0183227,4.7237685,5,,25.3,5,14.8,2.7,5.3,5.2,-0.18,0.02,-0.07,3.47,"0101000020E6100000FA7FD59123E5124020A3F26558824A40",0,0.105750195546736,0.194164878389476,19.1872090194056,3
1,"2010-06-29 05:14:03",53.0183052,4.7238066,4,,26.3,5,12.8,2.5,4.8,4.7,-0.2,-0.07,0.16,3.04,"0101000020E61000000C84AE8E2DE5124062AC25D357824A40",0,0.265481213111769,0.265518360947035,-11.5800169057503,2
1,"2010-06-29 05:19:12",53.018284,4.7238311,3,,26.9,5,17.7,2.4,4.5,4.4,-0.07,0.03,-0.07,2.9,"0101000020E6100000924FD9FA33E5124021054F2157824A40",0,0.0375159515817625,0.103440804327886,71.9162628568312,1
1,"2010-06-29 05:24:14",53.0182843,4.7238251,3,,27.3,5,15.8,2.2,4.5,4.2,-0.09,-0.04,0.11,3.09,"0101000020E61000008118326832E51240DF43D32357824A40",0,0.144153700431706,0.147648230602334,-13.0101323053047,1
1,"2010-06-29 05:29:35",53.0184348,4.7239429,0,,27.5,4,32.6,10.2,18.3,8.8,-0.44,0.05,0,2.27,"0101000020E610000083AF9E4951E51240DD8D4F125C824A40",0,0.357515628306544,0.442831796509691,13.9298947890368,-3
1,"2010-06-29 05:34:41",53.0187149,4.7241139,8,,26.3,5,18.7,4.1,6.9,8,0.07,0.19,-0.24,3.7,"0101000020E6100000E9503C1D7EE5124055B9F53F65824A40",0,0.280899363263703,0.314006369362152,139.188130668698,5
1,"2010-06-29 05:39:44",53.0187044,4.7240853,6,,26.4,6,17.8,1.8,5.1,4.9,0.04,0.25,0.2,2.75,"0101000020E6100000B10EEC9D76E512404925E1E764824A40",0,0.256187564356147,0.322645316098034,73.6731164093603,3
1,"2010-06-29 05:45:00",53.0186448,4.7241813,7,,26,5,17.2,4.1,7.5,7.6,0.09,0.13,0.11,3.58,"0101000020E6100000C27F5FC88FE51240C71EEBF362824A40",0,0.122949419711196,0.192613602842582,96.5535073293398,5
1,"2010-06-29 05:50:06",53.0186561,4.7242106,10,,26.6,5,15.7,4.1,7.9,7.4,0.05,0.16,0.35,3.65,"0101000020E610000089AAA97697E512407AAFB55263824A40",0,0.223154270013348,0.388072158238645,44.11520928974,8
1,"2010-06-29 05:55:23",53.0095263,4.7180022,6,,20.7,4,28.6,7.7,10,6.2,-0.01,0.01,0.02,0.82,"0101000020E6100000FFD2FDF73BDF1240D779652838814A40",0,0.0221430059514314,0.0244948974278318,29.1583701809823,2
1,"2010-06-29 06:16:42",53.009517,4.7180382,4,,25,7,43.5,2.2,3.4,4.6,0.13,0.08,-0.1,2.51,"0101000020E6100000651DE96745DF1240C6E061DA37814A40",0,0.182471480676208,0.182482875908947,157.769148516873,0
1,"2010-06-29 06:36:41",53.0095064,4.7180513,2,,29.4,6,10.6,3.7,3.7,7.1,0.11,0.5,-0.37,2.93,"0101000020E6100000B16609D748DF1240258D768137814A40",0,0.597533410217873,0.63166446789415,125.035546938335,-2
1,"2010-06-29 06:56:41",53.0095079,4.7180485,6,,28.5,7,10.6,2.4,3.3,5.9,0.19,-0.02,0.4,2.64,"0101000020E610000076C4211B48DF1240DEC60B8E37814A40",0,0.0974604609831856,0.44328320518603,-21.3994548483275,2
1,"2010-06-29 07:17:31",53.0094864,4.7180715,-5,,29.2,6,12.4,3.6,3.7,8.5,0.12,0.01,0.02,3.08,"0101000020E610000037C2A2224EDF1240DEE0B0D936814A40",0,0.084146815800549,0.122065556157337,179.934788046701,-9
1,"2010-06-29 07:37:29",53.0094779,4.7180674,-4,,28.2,6,10.5,2.8,4.7,6.7,-0.03,-0.06,0.05,2.93,"0101000020E6100000854B7D0F4DDF12407344639236814A40",0,0.0814851802637276,0.0836660026534076,-44.712725258172,-8
1,"2010-06-29 07:59:11",53.0095209,4.7180326,-5,,31.4,6,32.3,3.1,5.4,6.3,0.03,0.14,-0.27,3.15,"0101000020E6100000EFD819F043DF1240721019FB37814A40",0,0.238784371019422,0.305614135798723,144.971592441761,-9
1,"2010-06-29 08:05:12",53.0094883,4.7181385,3,,31,7,41.2,1.8,5.9,5.9,-0.22,-0.07,0.01,3.31,"0101000020E610000076FEEDB25FDF1240EA18A1E936814A40",0,0.192794140643422,0.231084400165827,-15.5446989078942,-1
1,"2010-06-29 08:18:33",53.0095398,4.7180009,-4,,29.7,7,26.2,2.2,2.8,3.5,0.15,-0.06,0.06,0.28,"0101000020E610000088FEBFA03BDF12405481A49938814A40",0,0.107245724155786,0.172336879396141,-137.731250659557,-8
1,"2010-06-29 08:20:27",53.0095405,4.7180088,-4,,29.7,7,12.3,2.2,3.9,4.8,-0.14,-0.02,0.13,2.65,"0101000020E6100000F8F5E8B23DDF124066BE839F38814A40",0,0.191162101232544,0.192093727122985,-2.52358436045192,-8
1,"2010-06-29 08:22:16",53.0095554,4.718044,-8,,29.9,6,9.3,3.5,5.9,7.4,-0.46,0.08,-0.3,3.25,"0101000020E6100000295B24ED46DF12400740811C39814A40",0,0.21533794529545,0.554977477020464,33.0900083017311,-12
1,"2010-06-29 08:24:10",53.0095439,4.7180336,0,,30.5,6,11.3,2.2,4,4.6,-0.02,0.06,-0.18,2.8,"0101000020E610000072B7353344DF12402A3009BC38814A40",0,0.114251508771814,0.190787840283389,147.467620216477,-4
1,"2010-06-29 08:28:40",53.0095587,4.7180349,0,,30.3,5,9.3,4.4,5.7,9.1,0.27,-0.02,-0.2,3.64,"0101000020E6100000E98B738A44DF124036F22F3839814A40",0,0.336598631836836,0.336600653594137,-172.808006563604,-4
1,"2010-06-29 08:30:34",53.0095272,4.7180131,-7,,30.2,6,11.3,2.6,5.4,5.4,0.12,0.07,0.01,3.42,"0101000020E6100000F8657AD33EDF12401336F22F38814A40",0,0.111548045354606,0.139283882771841,147.525654911413,-11
1,"2010-06-29 08:32:27",53.0095752,4.7180391,2,,29.8,6,12.3,3,5.9,8.3,-0.14,0.05,0.07,3.69,"0101000020E610000042FF4EA445DF1240246D99C239814A40",0,0.162315997294496,0.16431676725155,22.2062119045946,-2
1,"2010-06-29 08:34:16",53.0095847,4.7180298,2,,29.7,6,9.2,2.5,5.4,7.5,-0.39,-0.32,-0.73,3.58,"0101000020E6100000B436323443DF12405F854A123A814A40",0,0.306408701423128,0.887355622059161,-110.589059077052,-2
1,"2010-06-29 08:36:11",53.0095455,4.7179949,-7,,29.8,6,12.3,2.5,4.7,4.9,0.07,0.06,-0.02,3.04,"0101000020E610000077C7180E3ADF1240782975C938814A40",0,0.0897817267797113,0.094339811320566,142.994328052887,-11
1,"2010-06-29 08:38:16",53.0095432,4.7179866,-7,,29.7,6,9.3,2.5,4.8,4.9,-0.35,-0.15,-0.08,3.01,"0101000020E61000006CDD17E137DF124019F329B638814A40",0,0.268938720172074,0.389101529166874,-26.6676880108916,-11
1,"2010-06-29 08:40:10",53.0095475,4.7179865,-8,,29.5,6,11.3,2.5,4.7,4.6,0.19,0.09,-0.11,2.99,"0101000020E6100000C6E061DA37DF124018213CDA38814A40",0,0.235304496792435,0.237276210354093,161.652945312856,-12
1,"2010-06-29 08:42:02",53.0095602,4.7179846,-6,,29.5,6,11.2,3,4.7,4.5,-0.33,0.02,0.06,3.26,"0101000020E61000006720E05A37DF1240EF2BC54439814A40",0,0.301178446924967,0.336005952328229,8.9923891337793,-10
1,"2010-06-29 09:02:17",53.0095893,4.7179893,-2,,26.3,5,26.1,3.9,6.6,7.9,0.39,0.14,0.23,4.1,"0101000020E61000000183499638DF12401EF2E0383A814A40",0,0.210715637487559,0.473919824442911,149.341671650281,-6
1,"2010-06-29 09:04:10",53.0095707,4.7180013,-2,,26.7,5,11.1,3.9,6.6,7.8,0.39,0.43,-0.08,4.14,"0101000020E610000023F197BB3BDF1240FABFD99C39814A40",0,0.553919135219386,0.586003412959344,134.295712330284,-6
1,"2010-06-29 09:24:15",53.0095874,4.7179594,-6,,28.1,5,16,3,6.4,5.1,0.27,-0.06,0.2,3.79,"0101000020E6100000526CBBBF30DF124012BAF0283A814A40",0,0.122238066684989,0.34132096331752,-137.866643327854,-10
1,"2010-06-29 09:45:15",53.0095947,4.7178622,-17,,31.3,4,27.9,6,7.4,8.9,0.04,0.03,0.02,0.49,"0101000020E61000007123C04417DF1240835B2D663A814A40",0,0.0343846840450347,0.053851648071345,129.299646738466,-21
1,"2010-06-29 09:47:15",53.00959,4.7178399,-16,,32.1,4,20,6,6.3,8.3,-0.04,-0.03,-0.03,0.45,"0101000020E61000003F0E396C11DF1240302FC03E3A814A40",0,0.0309262908230637,0.058309518948453,-59.3594206364244,-20
1,"2010-06-29 10:08:12",53.0094864,4.7179161,10,,27.7,5,60.8,4.4,10.7,10.4,0.09,-0.08,0.37,4.26,"0101000020E61000006416EB6525DF1240DEE0B0D936814A40",0,0.178889607263417,0.389101529166874,-29.1480685956685,6
1,"2010-06-29 10:10:45",53.0094626,4.7178704,11,,28.2,5,37.8,4.4,10.6,8.1,0.1,-0.21,-0.18,2.24,"0101000020E6100000D5100B6B19DF12407FC40A1236814A40",0,0.278614966129027,0.294108823397055,-128.675714509251,7
1,"2010-06-29 10:31:36",53.0094979,4.7180151,0,,29,8,40.7,1.8,3.4,5,-0.54,0.07,-0.11,2.94,"0101000020E6100000FD22B2593FDF1240BAF0283A37814A40",0,0.376788068310727,0.555517776493246,17.6397999316035,-4
1,"2010-06-29 10:33:30",53.009446,4.717986,11,,29.8,6,10.9,4.2,5.8,8.1,0.25,-0.08,0.18,3.49,"0101000020E610000084F1D3B837DF1240FC89CA8635814A40",0,0.131756794247591,0.318276609256791,-130.430905081286,7
1,"2010-06-29 10:53:48",53.0094755,4.7179956,7,,26.8,6,28.8,3.7,6.6,7.3,-0.11,0,-0.18,3.68,"0101000020E610000006B0123D3ADF12407F4E417E36814A40",0,0.0226273930926852,0.21095023109729,156.430907583766,3
1,"2010-06-29 11:14:39",53.0094655,4.7180122,5,,27.6,6,15.7,4.7,9.2,5.5,0,0,0.01,0.47,"0101000020E61000001C8414973EDF12405B785E2A36814A40",0,0.0060168307704727,0.01,0.0,1
1,"2010-06-29 11:16:43",53.0094671,4.7180169,5,,26.8,6,11.8,5,10.7,5.7,0.16,0.1,0.06,5.25,"0101000020E6100000B6E67DD23FDF1240A971CA3736814A40",0,0.130590030931792,0.197989898732233,138.517993368677,1
1,"2010-06-29 11:37:10",53.009474,4.7180304,1,,20.1,7,38.5,1.8,2.4,2.9,0,0,0,0.23,"0101000020E61000009C22765C43DF1240C614AC7136814A40",0,0,0,0.0,-3
1,"2010-06-29 11:39:07",53.0094757,4.7180293,0,,20,7,11.7,1.8,3.1,3.6,0,-0.18,-0.07,2.44,"0101000020E61000007347A41243DF1240A9CDEE7F36814A40",0,0.181929711225442,0.19313207915828,-99.584681297578,-4
1,"2010-06-29 11:59:57",52.9812836,4.6976184,-2,,17.7,6,13.7,2.4,5.8,6.2,6.26,3.18,-4.79,4.38,"0101000020E6100000F459547A5CCA1240F20C75B39A7D4A40",0,8.4991910133606,8.4996529340909,161.78546712557,-2
1,"2010-06-29 12:01:11",52.9765058,4.7004949,-5,,17.5,6,7.7,2.5,4.6,4.8,5.77,-1.53,-5.1,3.03,"0101000020E6100000250FFA884ECD12405AAD5D24FE7C4A40",0,7.82145258201667,7.85135657068255,-165.202029808461,-5
1,"2010-06-29 12:01:28",52.9755294,4.6992763,-2,,17.7,7,8.7,1.9,3.8,4.2,4.92,-4.34,-3.91,3.15,"0101000020E6100000B7781D160FCC1240ACA4BA25DE7C4A40",0,7.6277994739863,7.63741448397296,-141.691039574255,-1
1,"2010-06-29 12:01:43",52.9748364,4.6981883,-1,,17.4,7,7.7,1.9,3.6,3.9,4.08,-5.09,-2.92,2.82,"0101000020E6100000A2CCABDFF1CA1240A6796C70C77C4A40",0,7.14583947368241,7.14709031704511,-130.828057161089,-3
1,"2010-06-29 12:06:34",52.9513516,4.6828988,-2,,16.6,5,10.7,4.6,12.8,6.7,8.79,-1.18,-7.27,6.44,"0101000020E61000001CE9B1D249BB1240A77FA4E3C5794A40",0,11.4529680209833,11.4677547933325,-170.482750414063,-2
1,"2010-06-29 12:11:26",52.9248973,4.6667255,22,,16.4,6,14.7,4.2,10,8,8.11,-5.05,-4.88,5.05,"0101000020E610000012A3E716BAAA124050D4E30863764A40",0,10.7029645295439,10.7279541386044,-147.864950774533,22
1,"2010-06-29 12:16:31",52.89962,4.6384707,25,,16.9,7,15.7,2.6,5.8,6.2,7.71,-5.73,-3.92,3.91,"0101000020E610000021D15F43CB8D1240EC6987BF26734A40",0,10.3020237158413,10.3751337340778,-142.055257749452,25
1,"2010-06-29 12:21:37",52.88187,4.5990471,0,,16.5,7,17.6,2.7,7.2,8,5.99,-10.85,-8.86,4.44,"0101000020E6100000F80D5D9A6C65124069A9BC1DE1704A40",0,14.7039973848811,15.2349007216982,-129.809016822459,0
1,"2010-06-29 12:26:41",52.8605615,4.5636554,1,,16.7,6,17.6,2.9,6,6.6,8.48,-7.59,-5.2,5.11,"0101000020E6100000EEDA94E12E4112402E5915E1266E4A40",0,12.4982390610133,12.5123339149816,-138.750002472683,1
1,"2010-06-29 12:31:41",52.8357517,4.5442026,-2,,16.9,6,13.5,4,7.9,9.7,7.1,1.39,-6.94,5.38,"0101000020E6100000BA974572432D1240C88965E9F96A4A40",0,9.95457118095089,10.0252531140116,175.256986622602,-2
1,"2010-06-29 12:32:55",52.830398,4.5509776,25,,16.5,7,7.6,2.7,5.9,7.5,6.19,6.42,-5.7,4.43,"0101000020E61000007550D37833341240F8544E7B4A6A4A40",0,10.5719554667769,10.5840682159555,146.020628487785,25
1,"2010-06-29 12:33:11",52.8291262,4.5524548,20,,16.6,6,7.6,4.1,5.8,8.4,6.39,5.85,-6.3,4.78,"0101000020E6100000A8120AB6B6351240DDA0ACCE206A4A40",0,10.6747775617325,10.7118905894338,150.080726853951,20
1,"2010-06-29 12:33:27",52.8278397,4.553628,27,,16.5,6,7.6,2.7,6,7.4,7.41,5.77,-5.15,4.37,"0101000020E61000007C992842EA3612404CEABAA6F6694A40",0,10.6919933291632,10.7109056573196,151.123019694131,27
1,"2010-06-29 12:38:18",52.8009744,4.5732444,21,,16.5,6,10.5,2.6,7.4,10.7,8.92,2.73,-8.41,3.76,"0101000020E6100000E8757A94004B12407477425486664A40",0,12.5031022346794,12.5597531822883,170.748582945337,21
1,"2010-06-29 12:43:09",52.7761811,4.6018745,44,,16.3,6,13.6,4.4,6.6,11.9,5.17,9.23,-4.78,4.57,"0101000020E6100000772FF7C951681240FC22FCE659634A40",0,11.6065585061519,11.609056809233,130.804983033742,44
1,"2010-06-29 12:48:15",52.7543701,4.5903832,120,,16.4,6,15.6,4.2,12.3,23.1,7.11,-6.51,-7.38,5.63,"0101000020E61000006A6EE0698D5C1240464A0E338F604A40",0,11.990984546948,12.1407001445551,-143.940803445048,120
1,"2010-06-29 12:53:13",52.7306453,4.5640478,53,,16.6,5,9.6,3.9,6.8,11.8,7.15,-4.07,-6.15,4.14,"0101000020E6100000E38519BF95411240F13C02C9855D4A40",0,10.2425811270591,10.2718012052415,-153.150514589968,53
1,"2010-06-29 12:58:21",52.7098336,4.5373512,-101,,17.4,5,29.3,11.7,12.4,30.1,4.65,-6,-0.2,3.58,"0101000020E61000008CDD99643F2612400DCDD0D3DB5A4A40",0,7.21698616825234,7.5935828170897,-118.389299102044,-101
1,"2010-06-29 13:03:29",52.7098346,4.4960176,26,,18.6,6,17.5,3.1,5.1,9.4,-10.7,-8.78,6.92,3.75,"0101000020E61000002EF6A809ECFB1140DD4834DCDB5A4A40",0,15.413507788371,15.4746502383737,-30.894537608698,26
1,"2010-06-29 13:04:36",52.7146288,4.4862908,-3,,18.4,6,20.4,3,6.9,14.2,3.16,-8.86,-2.99,3.91,"0101000020E6100000F9612937F6F11140CE63DEF4785B4A40",0,9.83018775803781,9.87042552274217,-112.528595968451,-3
1,"2010-06-29 13:04:57",52.7137379,4.4846362,31,,18.3,6,9.6,3,8.2,15.6,4.56,-5.37,-2,3.78,"0101000020E6100000B3D4D57844F01140363575C35B5B4A40",0,7.26672945188493,7.32328478211793,-128.206324662368,31
1,"2010-06-29 13:09:50",52.695193,4.4826009,-7,,18.5,5,14.5,2.8,4.8,7.6,6.5,-3.25,-3.73,3.93,"0101000020E6100000A7142AEE2EEE11403EB48F15FC584A40",0,8.12865648269819,8.168561684899,-152.542274491748,-7
1,"2010-06-29 13:14:55",52.6810365,4.4492716,-11,,18.5,6,15.5,2.5,4.5,7.3,8.32,-2.32,-5.58,4.36,"0101000020E61000001D16B4DA0DCC1140EF703B342C574A40",0,10.2717476532125,10.2830540210581,-163.260689342164,-11
1,"2010-06-29 13:19:53",52.6721643,4.4570152,-5,,21.9,4,9.5,3.2,5.2,8.3,7.01,4.38,-3.61,4.88,"0101000020E61000007F19E7CAFBD31140F504D37A09564A40",0,8.88145731561184,9.01978935452486,154.511197033415,-5
1,"2010-06-29 13:24:59",52.6451532,4.4860007,61,,17.9,6,15,2.2,6.5,10.4,7.22,4.38,-6.77,3.22,"0101000020E61000001A55E12AAAF1114073744B6194524A40",0,10.7933154517147,10.8233867158113,159.375454495472,61
1,"2010-06-29 13:29:51",52.6209374,4.4959108,57,,18,5,15.4,2.2,5,6.6,5.56,-3.18,-3.96,3.88,"0101000020E6100000CBEE6E0AD0FB114080EE70E07A4F4A40",0,7.53014754041397,7.53044487397657,-151.387592780516,57
1,"2010-06-29 13:34:55",52.5987098,4.5030656,4,,18.2,5,15.4,2.1,5.7,6.8,3.44,-2.3,-3.07,3.89,"0101000020E610000071F8EEA023031240B965D185A24C4A40",0,5.13145220756159,5.15252365351194,-150.035360520514,4
1,"2010-06-29 13:35:56",52.5967632,4.501122,2,,18.3,5,12.5,4.2,9,10,1.39,-3.61,-0.88,4.86,"0101000020E6100000753925202601124068BA8DBC624C4A40",0,3.96708127210674,3.96719044160978,-110.82350072263,2
1,"2010-06-29 13:36:09",52.5962635,4.5010104,5,,18.1,6,9.5,2,4.3,5.6,3.56,-0.55,-1.8,3.34,"0101000020E6100000D2D2CBDE080112403526C45C524C4A40",0,3.96567110382102,4.02692190140311,-167.953152737291,5
1,"2010-06-29 13:36:25",52.5955649,4.5018572,8,,18.7,6,9.5,2,4.6,5.5,4.04,10.52,-3.57,3.89,"0101000020E61000006C0C95DAE6011240A0127C783B4C4A40",0,11.8205042038823,11.8210363335877,120.637748017336,8
1,"2010-06-29 13:41:19",52.5819014,4.5095682,28,,18.4,5,15.5,2.7,5.1,8.1,6.8,-0.44,-2.7,3.95,"0101000020E61000008C53083FCC091240913FBDBE7B4A4A40",0,7.06447865937673,7.32963846311672,-172.081021864383,28
1,"2010-06-29 13:46:51",52.5791756,4.5151569,-3,,17.2,6,43.2,1.8,6.5,5.7,5.5,1.53,-4.61,3.41,"0101000020E6100000273C574A850F12401252126D224A4A40",0,7.33330285554677,7.33777895551508,171.434069530529,-3
1,"2010-06-29 13:52:32",52.578932,4.5138578,-4,,18.2,5,64.1,2.5,15.3,16.4,2.41,-2.88,0.18,2.44,"0101000020E6100000942D37BD300E1240CF4D9B711A4A4A40",0,3.46239898937992,3.75964094030268,-117.872209631826,-4
1,"2010-06-29 13:57:35",52.578407,4.5060663,1,,20,4,15.4,2.6,10.3,10,0.76,-2.99,0.95,4.38,"0101000020E61000004F6E803E360612408463963D094A4A40",0,3.04478710996996,3.22803345707569,-86.9475209035933,1
1,"2010-06-29 14:22:18",52.5540233,4.4468411,3,,17,4,73.9,13.3,23.7,15.5,4.44,-7.2,-3.97,3.11,"0101000020E6100000E0089CB690C911406A5C493CEA464A40",0,9.30992617581729,9.34422281412424,-126.097376360072,3
1,"2010-06-29 14:22:47",52.5526231,4.4438044,-5,,17,4,23.2,13.4,25.5,16.5,4.28,-6.41,-3.66,5.37,"0101000020E61000009B481FA974C61140CFC18E5ABC464A40",0,8.51035565699491,8.53241466409129,-127.823610242937,-5
1,"2010-06-29 14:29:00",52.5481256,4.4371068,73,,16.6,4,91.7,16,27.9,21.5,4.49,-2.5,-2.77,6.3,"0101000020E6100000D56FCBEC98BF1140D90CCBFA28464A40",0,5.82396195612434,5.83806474784239,-150.815791306623,73
1,"2010-06-29 14:35:04",52.5465876,4.4366592,25,,17.5,5,87.7,4.8,18.2,16.3,2.79,-1.53,-0.87,5.47,"0101000020E610000077FDDD9623BF114017331D95F6454A40",0,3.16527635206712,3.29877249897595,-146.625635030917,25
1,"2010-06-29 14:36:01",52.547329,4.438129,70,,17.9,4,49.1,5.3,16,13.6,-13.85,4.14,19.24,6.53,"0101000020E61000007CB779E3A4C0114081936DE00E464A40",0,23.0028758568143,24.0653215228885,13.0634380985395,70
1,"2010-06-29 14:41:40",52.5457082,4.4362023,12,,16.6,4,51.9,7.2,22,19,-4.92,9.77,2.27,6.53,"0101000020E61000008AC2D3D0ABBE11405B142CC4D9454A40",0,11.1486191096572,11.1719380592626,65.2100681991776,12
1,"2010-06-29 14:47:39",52.5427965,4.4349615,50,,16.6,4,74.8,12.3,25.1,25,1.48,-1.42,-0.49,6.87,"0101000020E61000009013268C66BD11400FF10F5B7A454A40",0,2.06200056760704,2.1087674124948,-132.090129558945,50
1,"2010-06-29 14:55:10",52.5432301,4.4383951,23,,17.9,5,173.1,4.9,10.8,13.8,-4.08,0.28,-2.44,5.15,"0101000020E610000017E824A5EAC01140F6D95C9088454A40",0,1.82746519591219,4.76218437274325,18.9978592994379,23
1,"2010-06-29 14:55:37",52.5431501,4.439104,8,,18.4,5,9.3,1.9,5.9,6.3,-8.59,2.04,6.66,4.19,"0101000020E6100000D02B9E7AA4C11140D92846F185454A40",0,11.0577981549152,11.05917266345,14.1261598799941,8
1,"2010-06-29 14:55:52",52.54317,4.4388347,7,,18.6,5,8.3,1.9,5.6,6.2,3.88,1.68,-3.39,3.63,"0101000020E61000005F6633E25DC111408C15359886454A40",0,5.41309870468887,5.41930807391497,165.288485309855,7
1,"2010-06-29 14:56:23",52.5428175,4.4377046,3,,18.2,5,10.7,1.9,6.9,7.6,-3.07,-1.78,2.47,4.12,"0101000020E61000002C3C79A235C011402619390B7B454A40",0,4.32365133229562,4.32367898900924,-20.8249975273287,3
1,"2010-06-29 15:01:18",52.5424851,4.4392028,12,,17.7,4,14.3,3.2,21,8.7,-9.98,2.85,6.74,6.58,"0101000020E61000001C3FF960BEC111409D88D92670454A40",0,12.3624051232163,12.3753989834672,16.9975608255621,12
1,"2010-06-29 15:06:42",52.5750356,4.4695088,47,,17.1,6,33.9,1.6,5.3,5.8,-10.07,10.99,7.37,3.08,"0101000020E6100000A0BC34EAC6E0114093043CC49A494A40",0,16.6261180622466,16.6283462797718,44.9263518207708,47
1,"2010-06-29 15:07:04",52.5772783,4.473756,28,,16.8,6,8.3,1.7,5.2,4.9,-10.04,12.39,5.27,3.07,"0101000020E61000009622F94A20E5114062985D41E4494A40",0,16.7442654737057,16.7954339032965,51.6717991314844,28
1,"2010-06-29 15:07:21",52.5789071,4.4766218,21,,17.2,7,9.3,1.5,4.6,5,-10.76,6.51,7.07,2.9,"0101000020E61000001C3E8E8B0FE811400BF6BAA0194A4A40",0,14.4148789977119,14.4271480203123,30.5640441760175,21
1,"2010-06-29 15:07:37",52.5804077,4.4778892,6,,17,6,9.3,1.6,5.2,6,0.59,-6.71,-1.58,2.99,"0101000020E6100000487254C95BE911405DECACCC4A4A4A40",0,6.81105868115787,6.91871375329259,-98.5376628776853,6
1,"2010-06-29 15:12:38",52.5827233,4.480009,24,,16.7,5,22.1,4.8,9.3,9.4,-1.19,-4.58,1.52,3.55,"0101000020E61000008524B37A87EB1140000F56AD964A4A40",0,4.96291613136145,4.97020120317075,-64.3288839822115,24
1,"2010-06-29 15:17:43",52.5837406,4.4821804,7,,17.2,5,23.1,4.1,6.8,8.8,2.74,-0.36,-2.2,3.65,"0101000020E6100000BB16E3B2C0ED1140782C1103B84A4A40",0,3.53075626173572,3.5323080273385,-170.659814496236,7
1,"2010-06-29 15:22:46",52.5867649,4.4829255,3,,18.4,6,22.1,3.3,6,5.9,-0.46,0.36,0.27,0.96,"0101000020E6100000289EB30584EE114069F8BB1C1B4B4A40",0,0.641782033092018,0.643506021727847,37.969721939879,3
1,"2010-06-29 15:27:41",52.6030559,4.4709247,6,,16.8,6,13.1,1.7,4.9,5.8,3.01,-2.57,-0.92,3.3,"0101000020E6100000B383A5153AE2114076148CEF304D4A40",0,3.94596039216195,4.0634222030205,-134.864243479845,6
1,"2010-06-29 15:29:09",52.6010451,4.470267,5,,18.5,5,21.1,3.4,6.2,5.3,2.31,0.45,-1.62,2.45,"0101000020E6100000588D25AC8DE11140E5F5BB0BEF4C4A40",0,2.85399588505124,2.85709642819419,174.599982070083,5
1,"2010-06-29 15:29:29",52.6005205,4.4700953,6,,19.1,6,9.2,1.8,4.8,4.9,2.16,-0.41,-1.28,2.81,"0101000020E610000063038EA960E11140EE0912DBDD4C4A40",0,2.52948634558325,2.54403223250021,-166.811861779068,6
1,"2010-06-29 15:34:22",52.5939991,4.4684151,9,,20.3,4,14.2,3.3,10,8.8,2.14,0.05,-1.43,5.08,"0101000020E61000006ECF3D35A8DF11403D2D9A29084C4A40",0,2.56916489011131,2.57429602027428,-177.39255793731,9
1,"2010-06-29 15:35:39",52.5921823,4.468029,0,,20.6,6,11.2,1.7,6.2,7.8,0.53,-0.3,-2.32,4.98,"0101000020E61000007E5182FE42DF114091E22DA1CC4B4A40",0,1.84223318456117,2.39860376052403,-169.352677176989,0
1,"2010-06-29 15:35:53",52.5919218,4.4680462,6,,20.5,6,9.2,1.9,5.1,5.1,2.31,-0.17,-1.45,3.27,"0101000020E61000007C11C88047DF11400D65F217C44B4A40",0,2.7221826949361,2.73267268438794,-172.624738926653,6
1,"2010-06-29 15:36:09",52.5915684,4.4680086,10,,20.4,6,9.2,1.9,5.3,5.1,2.17,-0.13,-1.06,3.18,"0101000020E6100000ABFC7CA53DDF11406CAC6983B84B4A40",0,2.37321213930503,2.41855328657443,-172.770532464298,10
1,"2010-06-29 15:41:30",52.5845021,4.466838,0,,20.6,6,42,2.1,4.1,4.6,2.05,-0.11,-1.68,2.72,"0101000020E6100000C51EDAC70ADE1140BFF8FDF6D04A4A40",0,2.65093217471677,2.65273443827308,-174.168916379105,0
1,"2010-06-29 15:46:31",52.580074,4.461529,1,,20.9,6,23.1,2,2.8,3.7,-1.03,-2.76,0.9,1.94,"0101000020E6100000519FE40E9BD8114045A165DD3F4A4A40",0,3.08008550359807,3.08034089022627,-60.1521773983128,1
1,"2010-06-29 15:46:49",52.5803868,4.4608403,2,,21,7,9.2,1.9,3.6,4.6,-1.37,-2.64,1.67,2.99,"0101000020E61000001FB70485E6D71140DA835A1D4A4A4A40",0,3.39076893631043,3.41107021329084,-48.1419875296408,2
1,"2010-06-29 15:47:05",52.5807877,4.4604087,2,,20.8,5,9.2,2.1,4,4.8,-2.49,-2.4,1.48,2.9,"0101000020E6100000EE2CD56075D71140A4B55840574A4A40",0,3.73513056536342,3.76171503439588,-36.0688328476346,2
1,"2010-06-29 15:47:21",52.581294,4.4600324,0,,21.3,5,9.2,2.7,5.4,5.7,-2.49,-1.37,2.1,3.22,"0101000020E6100000CD66C4BB12D7114036AE7FD7674A4A40",0,3.53242607383624,3.53369495004875,-19.380831317742,0
1,"2010-06-29 15:52:50",52.5900146,4.4635847,24,,22.6,5,49.7,9.5,11.9,12.5,-2.27,0.65,1.7,0.64,"0101000020E610000032B495F2B5DA1140CE943199854B4A40",0,2.90952947747233,2.90953604548904,16.4659373434374,24
1,"2010-06-29 15:57:52",52.5975509,4.4675913,0,,24.1,6,16,2.2,4.4,4.7,-2.38,1.26,1.8,3.17,"0101000020E61000009593F540D0DE11400299428C7C4C4A40",0,3.23877596314579,3.2391356871857,26.4293995872923,0
1,"2010-06-29 15:59:06",52.5993693,4.46871,3,,25.1,7,10.2,2,3.4,4.5,-2.29,0.71,2.08,2.61,"0101000020E61000008E3BA583F5DF1140FBDC1A22B84C4A40",0,3.15990944827403,3.17405103928718,16.2883782520833,3
1,"2010-06-29 15:59:20",52.5997172,4.4688946,3,,25,6,8.2,2.2,4.1,5.2,-1.85,0.71,0.9,2.82,"0101000020E61000008115F1E725E01140A26C8088C34C4A40",0,2.1444032662996,2.17637312977348,23.4100229789221,3
1,"2010-06-29 15:59:37",52.6001316,4.4691555,4,,25.2,6,9.2,2.5,4.5,5.2,-2.3,0.86,1.85,3.32,"0101000020E610000041F4A44C6AE01140E8A5BD1CD14C4A40",0,3.07217452998781,3.07442677583968,19.7196356946483,4
1,"2010-06-29 16:04:29",52.6073459,4.4733402,6,,27,7,13.1,2.1,3.8,5.4,-2.44,0.91,1.73,3.08,"0101000020E610000045871B4BB3E411400AEEAC82BD4D4A40",0,3.1258663693661,3.12643567021616,20.555482939932,6
1,"2010-06-29 16:05:46",52.6092712,4.4744928,1,,26.9,6,10.1,2.2,3.9,4.9,-1.67,0.44,1.45,3.27,"0101000020E6100000F8BFC870E1E5114085324399FC4D4A40",0,2.2491767484742,2.25499445675594,14.6525472375095,1
1,"2010-06-29 16:06:01",52.6096188,4.4747093,4,,27.3,6,9.1,2.2,4.1,5.3,-2.64,0.93,1.69,3.03,"0101000020E61000009F6DDA311AE611406D8324FD074E4A40",0,3.26280445859967,3.26964829912943,20.3215766325189,4
1,"2010-06-29 16:06:17",52.6100118,4.4749849,5,,27.7,6,9.1,2.2,4,5,-2.07,0.52,1.69,3.04,"0101000020E610000015600E7162E611404996DDDD144E4A40",0,2.71999115288131,2.72238865704366,14.4759095433699,5
1,"2010-06-29 16:11:19",52.6181898,4.4774177,5,,27.9,6,23,2.1,3.6,3.9,-2.23,0.05,1.55,1.33,"0101000020E61000004C20802FE0E8114043DCE6D7204F4A40",0,2.71376190206834,2.7162290036004,4.73333136512772,5
1,"2010-06-29 16:18:44",52.6305763,4.4787428,1,,24.3,4,163,4,8.4,8.2,-2.56,0.12,2.64,4.47,"0101000020E610000029C8748D3BEA1140FC1065B9B6504A40",0,3.63728707378131,3.6793477682872,5.04003101919086,1
1,"2010-06-29 16:20:12",52.633026,4.479066,6,,23.6,5,12.1,2.1,3.9,4.9,-2.49,0.65,1.74,2.76,"0101000020E61000008D800A4790EA114044C2F7FE06514A40",0,3.10508735104957,3.10647710437402,15.7428053378219,6
1,"2010-06-29 16:20:25",52.6333782,4.4791402,6,,23.4,7,9,1.8,3.3,4.9,-2.56,-0.05,1.99,2.66,"0101000020E6100000ACCB84BAA3EA1140EB7F6F8912514A40",0,3.24272784812875,3.24286910004089,2.65269138231378,6
1,"2010-06-29 16:20:41",52.6338236,4.4791919,5,,23.2,6,9.1,2,3.3,4.9,-2.52,0.21,1.87,2.59,"0101000020E61000004C080C48B1EA11406CB7B82121514A40",0,3.14492998702929,3.1450596178769,7.4203931284181,5
1,"2010-06-29 16:21:47",52.6356355,4.4795361,6,,23,6,11.1,2,3.3,5.2,-2.51,0.13,2.08,2.57,"0101000020E61000006B01EB820BEB11409B560A815C514A40",0,3.25938655195819,3.26242241287053,5.73392043592133,6
1,"2010-06-29 16:22:01",52.6360157,4.4796734,3,,23.3,7,9.1,1.8,3.7,4.8,-2.44,0.41,1.64,2.65,"0101000020E6100000650BF7802FEB11400C9F63F668514A40",0,2.96441939304496,2.96838339841739,11.6640422652675,3
1,"2010-06-29 16:22:17",52.6364638,4.4797428,6,,22.7,6,9.1,2,3.1,4.8,-2.45,0.71,2.26,2.62,"0101000020E610000044F751B241EB1140400B53A577514A40",0,3.39018638904643,3.40796126738553,15.3808487153,6
1,"2010-06-29 16:23:23",52.6382422,4.4803046,6,,22.6,6,11.1,2,3.4,4.9,-2.51,0.03,2.02,2.66,"0101000020E6100000347914F8D4EB1140ABF69FEBB1514A40",0,3.2208042532553,3.22201800119118,4.02333528103655,6
1,"2010-06-29 16:23:37",52.6386134,4.4804084,6,,23,7,9,1.8,3.1,4.7,-2.43,0.2,1.92,2.44,"0101000020E61000000EE5FA2DF0EB1140C8E47915BE514A40",0,3.1027438352348,3.1034335823407,7.20631255839529,6
1,"2010-06-29 16:23:52",52.6390282,4.4805188,4,,23,6,8.1,2,3.2,5,-2.35,0.14,1.92,2.58,"0101000020E6100000E173CC1E0DEC1140621C12ADCB514A40",0,3.03581589671569,3.0378446306551,6.11055904956573,4
1,"2010-06-29 16:24:09",52.6395,4.4806267,7,,23,7,9,1.8,3.5,4.7,-2.9,0.09,1.02,2.92,"0101000020E61000006E56D86729EC114060E5D022DB514A40",0,2.92847703693404,3.07546744414569,6.20010087876557,7
1,"2010-06-29 16:24:25",52.6399486,4.480757,4,,22.7,6,9,2,3.6,5,-2.36,0.01,1.91,3.05,"0101000020E6100000D34A21904BEC11407C0FF2D5E9514A40",0,3.03472216718063,3.03608300281794,3.6717175624445,4
1,"2010-06-29 16:24:42",52.6404152,4.4808733,6,,22.6,6,9.9,2,3.6,5,-2.62,0.46,2.01,2.77,"0101000020E61000001114E40C6AEC11403FEE1120F9514A40",0,3.33390364699125,3.3340815826851,11.4756481279164,6
1,"2010-06-29 16:24:57",52.6408291,4.4809981,5,,22.7,6,9,2,3.3,5.6,-2.78,0.45,1.33,2.75,"0101000020E6100000A7C013C48AEC11409D691DB006524A40",0,3.05546022997925,3.11445019224903,12.5864276347089,5
1,"2010-06-29 16:25:13",52.6412521,4.4810742,7,,22.7,6,9,1.9,4,5,-2.67,0.56,2.16,3.47,"0101000020E610000026CC0FB79EEC1140E4FE7E8C14524A40",0,3.47730653785425,3.47966952453821,12.7409131058981,7
1,"2010-06-29 16:25:29",52.6417251,4.4812166,6,,21.7,7,9,1.7,3.6,4.7,-2.56,0.61,1.94,2.68,"0101000020E6100000542B5D0BC4EC1140DCC24E0C24524A40",0,3.26937350819318,3.26944949494559,14.3112460008948,6
1,"2010-06-29 16:27:23",52.6449026,4.4818308,9,,22,6,11.1,1.9,3.6,5.3,-2.71,-0.33,1.44,3.3,"0101000020E610000073D2A00D65ED11407D0D1C2B8C524A40",0,3.04404619726788,3.08651907494511,-2.20695500059062,9
1,"2010-06-29 16:27:36",52.6451445,4.4823061,4,,22.3,6,8.1,2,3.9,5.1,-11.11,5.08,6,3.03,"0101000020E61000002DA578A6E1ED1140DE58501894524A40",0,13.502368525889,13.6102351192035,26.0645766847594,4
1,"2010-06-29 16:27:54",52.6457659,4.4818936,17,,21.4,6,10,2,4,6.4,-1.03,-2.68,2.31,8.04,"0101000020E6100000599B108475ED11409EAFFE74A8524A40",0,3.52132748678152,3.6850237448353,-47.3826348834404,17
1,"2010-06-29 16:28:09",52.6460739,4.4819397,15,,21.5,6,9,2,4.1,5.8,1.32,-0.59,0.23,3.93,"0101000020E61000008293C89981ED11404BA6AF8CB2524A40",0,1.11113651839843,1.46403551869482,-141.523172782071,15
1,"2010-06-29 16:28:25",52.6463698,4.4821281,17,,20.7,7,9,1.7,3.9,5.7,1.16,2.8,0.42,3.17,"0101000020E610000033EE17FDB2ED1140A00FE03EBC524A40",0,2.82791825042969,3.05973855092228,107.245437967021,17
1,"2010-06-29 16:28:41",52.6465432,4.482373,13,,20.5,7,9,1.7,4.2,5.3,2.3,6.63,-1.6,3.16,"0101000020E6100000C5E40D30F3ED1140C1B975EDC1524A40",0,7.18462055425343,7.19770102185413,116.496294111037,13
1,"2010-06-29 16:29:47",52.6477347,4.4825832,16,,19.8,6,11.1,1.9,3.9,6.6,0.82,2.97,-1.04,2.99,"0101000020E61000006765564A2AEE1140007E7CF8E8524A40",0,3.24635758089502,3.25190713274534,116.832296291558,16
1,"2010-06-29 16:30:01",52.6479848,4.4825519,15,,19.7,7,9,1.7,3.4,5.1,0.98,2.4,-1.12,2.91,"0101000020E61000009B7DD41522EE11400E277A2AF1524A40",0,2.81798412892082,2.82396883835498,124.72579332551,15
1,"2010-06-29 16:30:17",52.6484495,4.4825477,8,,20.3,7,9.1,1.7,3.4,5.2,-6.34,-3.26,2.7,3.16,"0101000020E6100000420AF9FB20EE1140C4CDA96400534A40",0,7.39706083162711,7.62320142722203,-21.8625175417216,8
1,"2010-06-29 16:30:33",52.6485784,4.4826574,4,,20.1,7,9,1.7,4.1,6,-1.64,-1.41,-1.89,3.52,"0101000020E610000087B0D0BD3DEE11402D72F49D04534A40",0,1.29997403888736,2.87224650752682,-79.3327371185823,4
1,"2010-06-29 16:30:49",52.6488785,4.4824357,6,,19.7,6,9,2.1,4.8,6.8,-1.86,0.55,1.6,3.97,"0101000020E610000004B1C79F03EE1140ED4960730E534A40",0,2.50842250486119,2.51437865087978,16.0539055006489,6
1,"2010-06-29 16:31:05",52.6494473,4.482789,7,,19.6,7,8.8,1.7,4.5,5.9,4.69,4.4,-1.3,2.77,"0101000020E61000006479573D60EE1140DDFCD01621534A40",0,6.24486854040299,6.56095267472644,139.929935115943,7
1,"2010-06-29 16:31:21",52.6495669,4.4825953,4,,19.3,6,9,2.1,4.1,5.4,-2.27,-2.7,1.94,3.33,"0101000020E610000030D05A762DEE11403508180225534A40",0,4.02551903398529,4.02572974751162,-38.6525999779607,4
1,"2010-06-29 16:31:37",52.6502258,4.4829545,5,,19.4,6,8.9,2.1,3.7,5.3,1.62,-5.83,-0.88,3.03,"0101000020E6100000FAD2DB9F8BEE1140FA0159993A534A40",0,6.11454704187776,6.1145482253393,-103.770864517794,5
1,"2010-06-29 16:31:53",52.6502635,4.4828599,2,,19.5,6,8.9,2.1,3.7,6,-1.29,1.03,0.19,2.99,"0101000020E610000007335CD372EE1140292499D53B534A40",0,1.55701804016855,1.66165580070001,46.4068222488489,2
1,"2010-06-29 16:33:47",52.6512649,4.4834943,0,,20.3,6,11.1,2.1,3.5,6.1,-0.78,0.25,0.49,2.63,"0101000020E6100000AC35392119EF11403044F3A55C534A40",0,0.95186592646131,0.954463199919201,19.0198523685006,0
1,"2010-06-29 16:34:01",52.6514095,4.4835644,-2,,20.6,6,9.1,2.1,3.2,4.9,-1.57,0.46,0.55,2.52,"0101000020E6100000190A8E812BEF1140E066F16261534A40",0,1.65481325644347,1.7259779836371,20.5664135947063,-2
1,"2010-06-29 16:34:17",52.6515566,4.4836569,0,,20.8,5,8.9,2.3,3.9,7,-1.1,0.01,0.25,3.13,"0101000020E610000060F01FC143EF1140193FE83466534A40",0,1.02731623029213,1.12809574061779,5.35981209829894,0
1,"2010-06-29 16:37:00",52.6559118,4.4834741,14,,19.1,6,12,1.8,3.7,5.6,-3.03,-4.35,3.35,3.49,"0101000020E610000025DA9FD513EF1140BE07F9EAF4534A40",0,6.23985109435228,6.27103659692718,-41.0744798579117,14
1,"2010-06-29 16:37:13",52.6561658,4.4838475,4,,19,7,9.1,1.6,4.1,5.9,-2.67,-2.26,1.4,3.77,"0101000020E6100000650113B875EF114078E0AD3DFD534A40",0,3.71831153606292,3.76782430588264,-33.353662241828,4
1,"2010-06-29 16:39:22",52.6604555,4.4842225,7,,15.9,6,10,1.8,5.1,6.8,-9.27,4.51,6.92,3.77,"0101000020E61000000EF3E505D8EF11404E7B4ACE89544A40",0,12.4156047692034,12.4160943939711,24.8671943113472,7
1,"2010-06-29 16:39:37",52.660511,4.4844477,3,,15.3,7,8.9,1.6,4.9,6.4,1.81,1.01,-1.21,3.42,"0101000020E61000005B7DD00E13F01140FAD2DB9F8B544A40",0,2.3932767121261,2.40006249918622,158.802076075105,3
1,"2010-06-29 16:39:53",52.6609699,4.4845636,0,,15.8,6,9,2,5.8,7.3,1.86,2.96,-2.72,3.85,"0101000020E6100000FF53BB7031F01140F81164A99A544A40",0,4.33752271526866,4.42940176547579,139.699340710868,0
1,"2010-06-29 16:43:44",52.6705025,4.4867026,25,,16.5,6,31.9,1.7,5,6.1,-10.9,0.63,8.82,3.45,"0101000020E61000003F83972A62F2114070B1A206D3554A40",0,14.0283082066339,14.0356439111286,6.05911676859941,25
1,"2010-06-29 16:44:11",52.6725416,4.488795,29,,16,6,10.9,1.7,5.1,9.2,-0.5,13.03,-0.62,3.66,"0101000020E610000014CB2DAD86F411408A99D8D715564A40",0,13.0531224264124,13.054321123674,93.4719265096995,29
1,"2010-06-29 16:46:53",52.6698644,4.5175418,58,,15.5,4,13,4.2,7.1,12.6,0.87,14.32,3.3,6.85,"0101000020E61000007C40457AF61112409960DD1DBE554A40",0,14.213036327191,14.721049554974,88.3282285070887,58
1,"2010-06-29 16:47:24",52.6693691,4.5232491,89,,15.3,4,12,4.3,5.6,11.4,1.84,12.28,-4.22,4.92,"0101000020E61000004FA5B09CCE171240FAB9FCE2AD554A40",0,13.0096236542794,13.1145872981196,111.592800491662,89
1,"2010-06-29 16:47:37",52.6689941,4.5257307,97,,16,6,8.9,1.7,4.2,7.2,2.7,11.83,-2.62,3.19,"0101000020E610000044030C26591A1240C55B4299A1554A40",0,12.413302186762,12.4138350238756,111.112413347259,97
1,"2010-06-29 16:50:20",52.6621342,4.5542997,75,,16.3,4,12,4.5,6.1,12.1,-0.38,13.91,1.46,5,"0101000020E6100000FEBA2E579A37124014483FD0C0544A40",0,13.8996774624158,13.991572463451,88.7281461470622,75
1,"2010-06-29 16:50:33",52.6624626,4.5572172,70,,16.3,6,9,2,4.8,6.8,-6.62,13.59,4.89,3.13,"0101000020E610000024134B25973A12405CE91093CB544A40",0,15.8786819226768,15.8878758806834,62.4099689356893,70
1,"2010-06-29 16:50:51",52.6627931,4.5611773,71,,16.6,5,10.9,2.2,5.7,8.7,-3.51,14.92,-0.24,3.47,"0101000020E6100000C3071B43A53E1240DA418067D6544A40",0,15.246163629805,15.3291911071654,83.6245712056381,71
1,"2010-06-29 16:54:21",52.6529999,4.5923631,67,,16.6,4,13,4.8,6.6,13.3,3.2,10.33,-4.28,5.9,"0101000020E6100000C06DB76E945E124048652F8095534A40",0,11.5902825872563,11.630447110924,119.968885392727,67
1,"2010-06-29 16:54:53",52.6512098,4.5964173,85,,16.6,4,13,4.9,6.5,14.2,3.4,9.61,-4.91,5.65,"0101000020E610000011137937BB621240D7EABCD75A534A40",0,11.2301279319213,11.3146011860781,124.032551270019,85
1,"2010-06-29 16:55:28",52.6493203,4.6004053,81,,16.8,5,16,2.1,5.4,9.4,1.79,12.62,-2.98,4.32,"0101000020E61000005A619FA5D0661240809076ED1C534A40",0,13.0727525351654,13.0900305576419,107.959575126266,81
1,"2010-06-29 17:00:48",52.6310241,4.6233256,28,,17.1,5,16,2.1,4,6,6.85,0.11,-5.33,2.91,"0101000020E6100000CF09EB10497E1240713ED065C5504A40",0,8.6796318373001,8.68006336382402,-177.077711230313,18
1,"2010-06-29 17:01:14",52.6291902,4.6229882,25,,17,5,10,2.1,4,6.1,6.03,-1.5,-4.83,2.8,"0101000020E6100000F62C639EF07D12405AFBF14D89504A40",0,7.86576284128678,7.87018424180781,-165.411944107652,13
1,"2010-06-29 17:01:29",52.6282389,4.6228514,28,,17,5,9,2.1,4,6,5.94,-0.2,-5.09,2.72,"0101000020E61000003E12E5C1CC7D12409AC9DC216A504A40",0,7.81147025990494,7.82506868979436,-175.02004227798,19
1,"2010-06-29 17:01:46",52.6271382,4.6225026,23,,17.5,5,9.8,2.1,4.3,6.5,6.11,-0.27,-4.87,3.47,"0101000020E61000002BB35252717D12404189851046504A40",0,7.81581995067749,7.81804962890362,-174.408553763779,13
1,"2010-06-29 17:05:27",52.6132333,4.6194051,23,,17,4,22.8,6.1,6.1,11.4,5.25,-1.92,-4.27,0.7,"0101000020E610000006E79D54457A1240B928C46D7E4E4A40",0,7.02752971561904,7.03433010314415,-160.580051887743,11
1,"2010-06-29 17:05:45",52.6128919,4.6176077,20,,17.5,5,9,2,4.9,7.5,3.45,-6.53,-2.06,3.23,"0101000020E6100000F70725276E781240DD3DE53D734E4A40",0,7.66613085666003,7.66726809235206,-117.716001347536,11
1,"2010-06-29 17:07:01",52.6093393,4.6106701,-3,,17.3,4,20.8,6.3,8.3,15.2,4.63,-4.09,-4.81,3.5,"0101000020E61000008894B0805371124072D586D4FE4D4A40",0,7.73405558832089,7.82950189986566,-144.883497200634,-3
1,"2010-06-29 17:07:32",52.6084701,4.6139619,18,,17.4,4,19.8,6.4,8.1,14.9,0.67,13.26,-1.26,3.77,"0101000020E6100000C8F5A56DB2741240030C2659E24D4A40",0,13.3364678416954,13.3365700238105,99.2476724378066,18
1,"2010-06-29 17:08:36",52.604747,4.6178592,19,,17.7,4,19.8,6.6,6.4,12,7.91,-0.88,-6.52,1.13,"0101000020E610000082210615B078124054AD8559684D4A40",0,10.2792960405738,10.2884838533187,-171.530444779482,6
1,"2010-06-29 17:09:08",52.6021914,4.6174808,25,,17.8,4,19.8,6.7,6.6,12.1,6.28,-2.25,-4.04,1.8,"0101000020E6100000B5A107E34C7812405B77989B144D4A40",0,7.78395605737781,7.79887812444841,-159.324991151545,15
1,"2010-06-29 17:10:17",52.597004,4.6163817,26,,17.6,4,24.8,6.9,7.1,12.5,6.34,-1.39,-3.42,3.34,"0101000020E61000005A69ADC32C77124064CA87A06A4C4A40",0,7.26041499769938,7.33649098684105,-164.864131469394,12
1,"2010-06-29 17:10:43",52.5949634,4.6158139,23,,17.8,4,18.8,7,7.1,13.1,7.61,-0.85,-5.95,1.04,"0101000020E610000059B043EB9776124092A8BCC2274C4A40",0,9.69594728858556,9.69727281249734,-171.341642588097,11
1,"2010-06-29 17:11:49",52.5893823,4.6144409,20,,17.4,4,20.8,7.3,7.6,13.8,6.97,-0.53,-7.44,1.24,"0101000020E61000009A4CCBFE2F751240AEAB13E1704B4A40",0,10.0635410175842,10.20859441843,-173.787608659756,6
1,"2010-06-29 17:12:20",52.5866772,4.6137588,19,,17.5,4,19.8,7.4,7.6,13.9,7.55,-0.51,-6.57,1.22,"0101000020E61000006187D62F7D74124088A70D3D184B4A40",0,9.99885736855772,10.0213522041689,-173.593688959288,10
1,"2010-06-29 17:13:25",52.5808238,4.6125207,18,,17.4,4,20.8,7.7,8,14.3,6.87,0.58,-6.98,0.77,"0101000020E6100000FB7D5AA03873124085DE2C6F584A4A40",0,9.71697688015148,9.81089700282293,179.848705314065,3
1,"2010-06-29 17:13:56",52.5782219,4.6120335,24,,17.5,4,19.8,7.8,8.3,14.9,7.34,-0.11,-5.4,1.19,"0101000020E6100000C539EAE8B87212405E2ADB2C034A4A40",0,9.11178427239112,9.11305108073032,-175.594996947008,14
1,"2010-06-29 17:15:06",52.5724249,4.6107095,17,,17.4,5,25.8,4.1,5.9,8,8.6,-0.66,-6.4,6.34,"0101000020E6100000116DC7D45D7112404275183845494A40",0,10.7399506960653,10.7403724330211,-172.783306395889,6
1,"2010-06-29 17:15:21",52.5710986,4.6103714,15,,17.7,5,9,4.1,6.1,8.6,7.19,1.22,-6.88,3.76,"0101000020E6100000AAA74533057112404CE548C219494A40",0,9.9709782160322,10.0259114298901,176.330663926272,4
1,"2010-06-29 17:17:15",52.5612518,4.6080605,27,,17.2,5,11,4.2,7,9.9,6.91,1.21,-4.19,4.85,"0101000020E610000027F56569A76E12401BE95619D7474A40",0,8.11930726152101,8.17118718424685,175.40151837739,14
1,"2010-06-29 17:17:29",52.5604948,4.6101925,22,,17.8,5,8.9,4.2,7,10,2.47,14.12,-3.13,4.91,"0101000020E6100000D40E7F4DD6701240FEC9294BBE474A40",0,14.6691194579232,14.6721573055907,108.92954905745,16
1,"2010-06-29 17:17:46",52.559273,4.612484,20,,17.7,5,9.8,4.2,7.1,10.7,6.14,3.39,-2.28,4.47,"0101000020E6100000064B75012F7312409544F64196474A40",0,7.07671144674892,7.37496440669377,155.938759745195,14
1,"2010-06-29 17:18:01",52.5581193,4.6132097,23,,17.5,5,8.8,4.2,7,9.4,7.43,-0.03,-4.91,5.04,"0101000020E6100000215C5C3EED7312401A62067470474A40",0,8.88542339825825,8.90583516577755,-175.950403260123,11
1,"2010-06-29 17:18:17",52.5568667,4.6144768,23,,17.5,5,8.8,4.3,7.2,9.9,6.42,-1.03,-5.94,4.99,"0101000020E61000005A9A006839751240A05D746847474A40",0,8.76319688519552,8.80686663916287,-169.857612271176,15
1,"2010-06-29 17:18:34",52.5553994,4.6153417,15,,17.5,5,9.8,4.3,8.8,11.1,8.52,-0.78,-4.04,5.82,"0101000020E6100000CE7575221C761240E89BD95317474A40",0,9.26515522617434,9.4615220762835,-170.914526289806,11
1,"2010-06-29 17:20:27",52.5490223,4.6128208,0,,17.7,5,10.9,4.4,6.7,9.2,-0.22,0.21,0.57,3.73,"0101000020E6100000F63BB94B8773124029A3DB5C46464A40",0,0.555764256649445,0.646065012208524,24.1087132977318,-3
1,"2010-06-29 17:20:41",52.5490447,4.6128293,2,,18.8,5,8.9,4.4,9.1,13.5,0.29,0.46,1.35,6.15,"0101000020E61000004E1F2686897312406545C31847464A40",0,0.710847779204311,1.45540372405735,37.7494194555203,-1
1,"2010-06-29 17:20:56",52.5490283,4.612821,-7,,18.7,5,7.8,4.4,6.9,10.2,0.14,0.02,0.16,4.05,"0101000020E610000044352559877312400C8A308F46464A40",0,0.0171263711968042,0.213541565040626,149.562678402769,-10
1,"2010-06-29 17:23:40",52.5490274,4.6128266,0,,19.5,5,11.9,4.6,9.1,11.7,-0.05,-0.09,-0.1,4.67,"0101000020E6100000BA79F4D088731240D0CDA38746464A40",0,0.0870774685361445,0.143527000944073,-100.251461612731,-3
1,"2010-06-29 17:23:54",52.548998,4.612812,-9,,19.7,5,9.9,4.7,7.4,10.4,0.01,0.27,-1.52,4.31,"0101000020E6100000AA622AFD84731240E2C8039145464A40",0,0.986623881497093,1.54382641511279,164.219128760074,-12
1,"2010-06-29 17:24:09",52.5490095,4.6128626,-2,,19.5,5,8.8,4.7,7.5,10.6,0.02,0.04,-0.46,4.05,"0101000020E610000020C4DF4092731240BED87BF145464A40",0,0.300543359384919,0.462168800331654,172.685862468577,-5
1,"2010-06-29 17:24:35",52.5490205,4.6128612,-3,,19.7,5,18.7,4.7,6.3,8.2,0.04,-0.09,0.08,1.03,"0101000020E610000003F3EBE291731240B22AC24D46464A40",0,0.0956674516027013,0.126885775404495,-76.2488987284184,-6
1,"2010-06-29 17:25:06",52.5489992,4.612816,-12,,19.8,5,17.7,4.8,6.9,9.6,0.02,0.03,0.11,1.08,"0101000020E6100000B5DC990986731240DCC3149B45464A40",0,0.0567104049634134,0.115758369027902,29.9290800254954,-15
1,"2010-06-29 17:31:13",52.5488273,4.6126548,-8,,21.5,4,80.5,5.9,12,9.4,0.67,0.12,-0.24,5.25,"0101000020E61000001EF3A6C75B731240745314F93F464A40",0,0.686924969173844,0.721734023030645,174.509073785327,-11
1,"2010-06-29 17:33:41",52.5457343,4.6161473,-4,,18.5,4,20.8,6,14.2,8.6,0.9,-0.24,-1.04,4.92,"0101000020E610000026135C51EF76124019671D9FDA454A40",0,1.36530342138463,1.39613752904218,-166.804951539642,-6
1,"2010-06-29 17:34:12",52.5458254,4.6161471,-3,,18.9,4,19.7,6.1,19.5,9.5,-0.24,-0.19,0.02,7.47,"0101000020E6100000D919F043EF761240BE29519BDD454A40",0,0.273508731599253,0.306757233003559,-38.4479123305545,-5
1,"2010-06-29 17:39:42",52.545808,4.6161891,-2,,22.3,5,45.7,3.9,8.5,8.1,0.1,0.31,0.05,3.67,"0101000020E6100000509B8246FA76124095F25A09DD454A40",0,0.30864942989486,0.329545141065682,102.827565492272,-4
1,"2010-06-29 17:44:48",52.5458046,4.6161718,-2,,22.6,5,15.8,3.8,6.4,8,-0.07,-0.03,0.14,3.41,"0101000020E6100000ACDE86BDF5761240D080D5ECDC454A40",0,0.144495622344772,0.159373774505092,-9.66906251374074,-4
1,"2010-06-29 17:49:46",52.5457795,4.6161436,-4,,23.3,4,9.8,4,6.5,9.7,0.13,-0.18,-0.26,3.56,"0101000020E61000000F8F0E59EE761240E3A9471ADC454A40",0,0.313517046266509,0.341906419945575,-142.725083218859,-6
1,"2010-06-29 17:54:39",52.5458046,4.6161384,0,,23.5,6,14.8,3.4,5.9,7.4,0.03,-0.07,0.18,3.08,"0101000020E6100000333D17FCEC761240D080D5ECDC454A40",0,0.115527151149633,0.195448202856921,-38.6712978212991,-2
1,"2010-06-29 17:59:57",52.5457261,4.6160804,-8,,24.2,5,16.2,4.8,8.5,9.6,0.19,0.02,-0.4,3.82,"0101000020E61000008FD3C6C7DD7612406D09545ADA454A40",0,0.394896439713137,0.44328320518603,179.326157573718,-10
1,"2010-06-29 18:05:08",52.5453341,4.6035288,29,,19.6,6,19.6,3.2,5.9,8,3.67,-3.01,-3.31,0.86,"0101000020E6100000C9C62874036A12406172FE81CD454A40",0,5.76044754809057,5.78663114428421,-145.11177967386,16
1,"2010-06-29 18:10:08",52.5427363,4.6022771,1,,21.7,4,15.8,3.6,7.6,10.8,0.26,0.09,0.23,4.23,"0101000020E6100000D684FE53BB681240106D116278454A40",0,0.0993147024054477,0.358608421540822,136.113773055742,-8
1,"2010-06-29 18:15:12",52.5427381,4.6022733,0,,22.6,5,15.8,3.2,8.4,13.3,-0.13,0.07,-0.66,3.7,"0101000020E61000001804FB54BA68124087E52A7178454A40",0,0.313424239719729,0.676313536756437,165.173072042353,-9
1,"2010-06-29 18:20:15",52.5427347,4.6021031,-1,,22.7,5,14.8,3.1,4.9,7,0.08,0.06,0.07,2.98,"0101000020E6100000E7470DB78D681240C273A55478454A40",0,0.0587615850266666,0.122065556157337,114.694551965809,-10
1,"2010-06-29 18:25:24",52.5427752,4.6021309,-2,,21.9,6,19.7,3,7.8,13.3,0.07,0,-0.06,0.83,"0101000020E6100000E9A4AD0095681240398A62A879454A40",0,0.0920490280493743,0.0921954445729289,-176.501832811111,-11
1,"2010-06-29 18:30:42",52.5413631,4.6021355,0,,21.9,5,33.5,3.5,5.6,7.2,0.03,0.16,0.22,3.31,"0101000020E6100000DD0A6135966812406EE1D4624B454A40",0,0.186139754626553,0.27367864366808,57.5506684878439,-10
1,"2010-06-29 18:36:00",52.5413584,4.602163,1,,22.5,4,15.7,3.3,5.6,6.8,-0.04,-0.08,0.01,3.45,"0101000020E6100000EB71DF6A9D6812401BB5673B4B454A40",0,0.0877003407419527,0.09,-60.7692710368231,-9
1,"2010-06-29 18:40:58",52.5409122,4.602072,0,,22.6,4,9.8,4.6,12.5,6.1,-0.17,0.17,-0.42,4.7,"0101000020E61000006859F78F85681240F380689C3C454A40",0,0.225573424116342,0.483942145302514,125.740286955396,-10
1,"2010-06-29 18:45:51",52.5409569,4.6021308,1,,22.7,5,14.6,2.9,4.6,5.9,0,-0.03,-0.18,3.03,"0101000020E610000043A8F7F994681240D40561133E454A40",0,0.111643499556302,0.182482875908947,-164.463862152211,-9
1,"2010-06-29 18:50:53",52.5558633,4.5820695,49,,18.1,6,12.7,2.2,5.7,6.2,-11.69,4.38,9.69,3.21,"0101000020E61000000DFFE9060A541240F845538726474A40",0,15.7816941206401,15.8030566663541,19.6226850345424,49
1,"2010-06-29 18:55:58",52.5966849,4.6021598,58,,17.1,4,13.6,5,11.2,13.1,-11.67,2.03,9.04,4.75,"0101000020E610000015DD1F949C6812402EC2B92B604C4A40",0,14.8991760056331,14.9007181035009,11.4583931031059,58
1,"2010-06-29 19:01:02",52.6352937,4.6167556,68,,16.6,4,13.7,2.7,7.2,10.7,-13.31,1.99,8.34,4.27,"0101000020E6100000DB7FAEC78E7712406B6DD04D51514A40",0,15.7770184521197,15.8326182294654,11.1645795097149,67
1,"2010-06-29 19:06:02",52.6714587,4.6149377,54,,16.6,4,9.6,2.6,6.6,9.1,-11.29,1.41,8.96,4.62,"0101000020E6100000514F7A3AB2751240AE8ED25BF2554A40",0,14.4774709203089,14.4821890610501,9.19652498838946,54
1,"2010-06-29 19:10:55",52.7057801,4.6378156,17,,16.6,4,14.7,2.6,4.1,5.8,-10.89,0.88,7.99,3.82,"0101000020E6100000B4835B881F8D124074D59700575A4A40",0,13.5342219749948,13.5353832601814,7.46190790796115,2
1,"2010-06-29 19:16:00",52.7380964,4.6439869,14,,17,4,15.5,2.6,8.4,13.9,-11.21,1.69,7.87,3.57,"0101000020E6100000AE354A4D71931240CEA55DF1795E4A40",0,13.7942718403587,13.80061955131,10.8307470016746,13
1,"2010-06-29 19:21:04",52.7453535,4.6390603,2,,18.9,6,15.6,2.3,3.2,5.4,-1.31,0.14,0.85,2.74,"0101000020E610000013B0C2D2658E1240C53A55BE675F4A40",0,1.56420888606928,1.56786479008874,9.02951903822122,2
1,"2010-06-29 19:26:07",52.7502453,4.6407773,2,,19.3,6,14.5,2.3,3.4,5.8,-1.52,0.58,0.98,2.76,"0101000020E6100000A413AEEC2790124026BDB90908604A40",0,1.89615923036224,1.89926301496133,21.6993626499484,2
1,"2010-06-29 19:31:21",52.7548852,4.6425091,5,,18,5,24.5,2.3,4.7,7.8,2.46,3.74,-2.17,4.11,"0101000020E61000009287CFE7ED911240011E0714A0604A40",0,4.97438127723575,4.97474622468323,134.817234507842,5
1,"2010-06-29 19:37:21",52.7629168,4.6398658,-7,,16.8,5,80.1,2.5,5.1,8.9,-9.49,0.53,7.14,4.1,"0101000020E6100000C550F3FA388F1240D4C8F841A7614A40",0,11.8878266257293,11.8878341172814,6.25844594396644,-7
1,"2010-06-29 19:43:04",52.7985774,4.6344901,-1,,15.9,4,55.2,3.3,6.3,7.8,-10.95,-7.04,7.64,4.05,"0101000020E6100000078BD4C5B78912409029C4C837664A40",0,15.0697853525864,15.0941611227653,-24.0116532694065,-1
1,"2010-06-29 19:48:09",52.8108166,4.6310135,5,,16.4,4,24.3,5.8,11.5,18.7,-1.93,-3.4,1.92,5.59,"0101000020E61000008656276728861240E7069ED6C8674A40",0,4.35097215912441,4.35560558361292,-47.9935537545984,5
1,"2010-06-29 19:54:22",52.8032925,4.6278264,5,,16.5,4,92.9,6.5,12.5,20.5,-7.36,-3.71,5.07,4.79,"0101000020E6100000FC427EECE4821240A04FE449D2664A40",0,9.65946294576852,9.67670398431201,-18.7446451266891,5
1,"2010-06-29 20:00:12",52.8490307,4.647218,76,,16.3,4,59.2,3.8,11.6,12.5,-12.62,7.1,8.77,5.74,"0101000020E6100000B587BD50C096124066E6B809AD6C4A40",0,16.9269100063048,16.9288895087658,28.5859723178824,76
1,"2010-06-29 20:05:28",52.8902086,4.6620274,89,,16.2,4,39.3,4.6,20.6,8.5,-11.9,5.71,8.9,6.12,"0101000020E61000004139C082EAA5124019CFFB5AF2714A40",0,15.9177579051572,15.9192996077089,24.7269810559628,89
1,"2010-06-29 20:10:50",52.9325839,4.679239,60,,16.4,4,41.3,3.9,9.7,7.6,-9.99,-0.94,9.11,4.9,"0101000020E6100000C5ABAC6D8AB7124058A3C3E85E774A40",0,13.4975504341711,13.5527045271414,-0.51749890958927,60
1,"2010-06-29 20:16:46",52.978503,4.7019122,68,,16.2,4,77,2.7,5,6.3,-12.76,7.19,8.49,3.46,"0101000020E610000055A75E12C2CE1240DA0418963F7D4A40",0,16.9209774976326,16.9290814871924,29.0321780927825,67
1,"2010-06-29 20:22:12",53.0095115,4.7180224,2,,16.4,5,35.3,4.4,12.1,9.9,0.01,-0.33,-0.26,4.14,"0101000020E6100000852E974341DF1240CCB73EAC37814A40",0,0.359267643776734,0.420238027789014,-113.406105367295,-2
1,"2010-06-29 20:43:55",53.0046587,4.6649141,-3,,16.1,5,26.3,1.9,5.2,3.9,3.62,-9.64,-2.28,3.94,"0101000020E6100000DB98E83DDFA81240291202A898804A40",0,10.5459755324178,10.5466772018489,-110.11881480131,-3
1,"2010-06-29 20:48:45",53.0034759,4.6226429,-2,,15.9,7,12.4,1.5,4,4.1,2.75,-10.37,-0.95,2.58,"0101000020E6100000AD58B219967D12407E69F6E571804A40",0,10.7634335700368,10.7704178191935,-101.215004448845,-2
1,"2010-06-29 20:53:35",52.9999425,4.6166437,-4,,16.6,5,14.4,2.8,4.9,5.7,0.15,0.36,-0.3,3.04,"0101000020E61000004323337271771240B4B0A71DFE7F4A40",0,0.473951828327919,0.492036584005702,132.976543774869,-4
1,"2010-06-29 20:58:39",53.0026058,4.6163157,-2,,17.1,5,14.4,3.6,6.8,6.4,0.49,0.21,-0.34,4.15,"0101000020E61000009F0B7E761B771240D4E3086355804A40",0,0.631459511821831,0.632297398381489,164.393384212828,-2
1,"2010-06-29 21:03:48",53.0024875,4.6163721,-4,,18,4,19.3,5.5,6,7.8,-0.24,-0.2,-0.15,1.18,"0101000020E6100000D9AA6E3F2A7712400C93A98251804A40",0,0.212903720215609,0.346554469023269,-57.7381428383336,-4
1,"2010-06-29 21:08:56",52.9863744,4.6041357,-5,,15.9,4,23.2,5.7,8.2,11.5,7.71,-1.52,-6.31,4.97,"0101000020E61000005F62878CA26A12404ACE2E84417E4A40",0,10.0665252425669,10.0782240499009,-167.76111472635,-5
1,"2010-06-29 21:14:13",52.9582107,4.5922952,13,,15.7,5,23.7,3.6,7.3,7.4,8.14,1.53,-6.45,5.07,"0101000020E6100000A54F06A2825E1240B196F1A5A67A4A40",0,10.496099536245,10.4977616661839,175.22701109587,13
1,"2010-06-29 21:19:10",52.9299015,4.6092942,8,,15.4,5,13.2,3.5,7,7.2,7.17,5.57,-6.54,4.91,"0101000020E6100000E7919AD1EA6F12402C80290307774A40",0,11.1711808983502,11.1895218843345,153.550171520135,8
1,"2010-06-29 21:24:15",52.9103629,4.6104145,-2,,16.2,5,14.2,3.5,7,7.8,7.24,3.66,-4.81,5.2,"0101000020E61000004B04AA7F10711240F17E81C586744A40",0,9.40583074456711,9.43129365463721,160.974444669304,-2
1,"2010-06-29 21:29:20",52.9057075,4.6098217,-2,,16.2,5,15.2,3.4,7,13.9,0.18,0.66,0.48,4.69,"0101000020E61000008390871975701240F71E2E39EE734A40",0,0.651762345004001,0.835703296631047,80.8110952812037,-2
1,"2010-06-29 21:34:36",52.9054435,4.6103579,-10,,18,6,27.1,6.3,5.4,13.2,0.13,0.09,-0.1,1.13,"0101000020E6100000C46B4DA90171124019709692E5734A40",0,0.187062619877419,0.187082869338697,154.931231107856,-10
1,"2010-06-29 21:39:40",52.9060844,4.6083718,-5,,18.2,6,27.2,4.3,5.3,11.8,0.65,0.51,0.33,3.59,"0101000020E61000000F3C6304F96E124038B5D892FA734A40",0,0.575209782366842,0.889662857491533,127.535545458631,-5
1,"2010-06-29 21:44:47",52.9062099,4.618002,-7,,18.1,7,17.8,4.6,6.1,14.4,-1.04,13.33,-0.78,5.1,"0101000020E61000004B732B84D5781240DDE79DAFFE734A40",0,13.3797904015198,13.3932408325991,92.1400479720424,-7
1,"2010-06-29 21:49:50",52.9031727,4.6274374,0,,17.3,7,13.3,5,6.4,14.7,8.67,-0.45,-6.49,4.98,"0101000020E61000002A2625F37E821240EC91BC299B734A40",0,10.8393406343625,10.839349611485,-173.920393184592,0
1,"2010-06-29 21:55:01",52.8859688,4.6361816,-11,,16.6,7,20.2,5.3,4.8,11.2,0.47,-0.1,-0.24,0.45,"0101000020E61000008F447930738B124060A3F66C67714A40",0,0.530125795947588,0.537121960079831,-164.949029082492,-11
1,"2010-06-29 22:00:09",52.8795186,4.6395581,-3,,16.6,6,24.2,5.7,6.9,13.8,1.84,-0.9,0.1,5.22,"0101000020E61000004E918D51E88E1240A29CC31094704A40",0,1.7029630507507,2.05075595817737,-142.10945604868,-3
1,"2010-06-29 22:05:12",52.8743273,4.6438802,-3,,17.3,6,23.1,6.5,12.6,21.2,3.83,1.45,-2.28,5.98,"0101000020E6100000F22AC65455931240FFBFFBF4E96F4A40",0,4.65397663166438,4.6871953234317,165.882536070662,-3
1,"2010-06-29 22:10:16",52.869714,4.6482948,9,,17.7,5,23.1,6.8,8.2,18.7,0.85,0.48,0.48,2.26,"0101000020E6100000DEAA9097DA971240CA6FD1C9526F4A40",0,0.58427240837376,1.08779593674549,135.49778935618,9
1,"2010-06-29 22:15:18",52.8657386,4.6524669,-13,,17.4,7,21.1,4.5,4.9,8.3,0.32,0.24,-0.53,0.6,"0101000020E6100000D8E37448209C124042F1BE85D06E4A40",0,0.627115624710253,0.664003012041361,160.119807090465,-13
1,"2010-06-29 22:20:33",52.8615224,4.657442,-16,,17.5,6,32.1,6.5,11.5,19.1,-0.24,-0.2,-1.11,3.75,"0101000020E61000003C11C47938A11240BE62B25D466E4A40",0,0.499986019080267,1.15312618563625,-158.917360496861,-16
1,"2010-06-29 22:25:35",52.8595064,4.6578125,-7,,18.8,7,14.1,3.9,6.3,8.3,-0.46,-0.68,-0.18,3.5,"0101000020E61000009A99999999A11240F259434E046E4A40",0,0.707534821014772,0.840476055578028,-64.8387276922798,-7
1,"2010-06-29 22:30:40",52.8587307,4.6567898,-6,,19.2,7,15.2,3.7,6.4,7.5,0.35,-0.1,-0.19,3.34,"0101000020E6100000B2625D818DA012401D4938E3EA6D4A40",0,0.407007626765227,0.410609303352956,-161.65729730367,-6
1,"2010-06-29 22:35:54",52.8569156,4.6562207,-16,,19.8,6,25.1,6.7,8,11.9,0.55,-0.02,-0.59,0.7,"0101000020E61000003AD5B551F89F124053B70E69AF6D4A40",0,0.794555863429822,0.806845710157772,-175.33786890426,-16
1,"2010-06-29 22:41:01",52.8553008,4.6563912,25,,20.2,5,28,14.4,14.6,22.8,0.26,-0.07,-0.14,0.68,"0101000020E61000005E87C50325A012400F1F227F7A6D4A40",0,0.300635755234765,0.30347981810987,-162.405489700398,25
1,"2010-06-29 22:46:05",52.8542515,4.6561705,0,,20.4,5,28,11.4,10.1,13.7,0.37,-0.08,-0.33,0.53,"0101000020E61000005E66D828EB9F12408B87F71C586D4A40",0,0.500239231392976,0.502195181179589,-167.324016297775,0
1,"2010-06-29 22:51:02",52.8530329,4.6553753,-14,,20.6,7,21,2.8,3.5,5.3,0.4,-0.2,-0.25,0.49,"0101000020E6100000BD6CE0B31A9F1240BEF49B2E306D4A40",0,0.511367579920461,0.51234753829798,-153.044122207749,-14
1,"2010-06-29 22:55:59",52.8517007,4.654421,1,,20.5,6,14,4.3,7.5,7.5,0.6,0.12,0.01,0.82,"0101000020E61000003143E389209E12407B3D4E87046D4A40",0,0.483618474009047,0.61196405123177,171.56785247862,1
1,"2010-06-29 23:01:14",52.8503941,4.6537056,-42,,20.5,6,25,7.6,6.6,13.9,0.19,-0.32,-0.36,0.42,"0101000020E610000026D93400659D12400E1BC0B6D96C4A40",0,0.482347122144185,0.517783738639985,-136.116486558339,-42
1,"2010-06-29 23:06:18",52.8492561,4.6524717,-47,,20.7,6,25,8.1,7,15.3,0.29,-0.21,-0.13,0.49,"0101000020E61000001943948A219C1240D9B6836CB46C4A40",0,0.376059819857707,0.380919939094818,-141.747264465213,-47
1,"2010-06-29 23:11:21",52.854548,4.641397,-16,,17.2,6,23.9,8.1,8.9,18.5,-3.02,-8.09,3.42,4.99,"0101000020E610000093020B60CA9012405D6E30D4616D4A40",0,9.2737015286681,9.28788996489515,-57.4739536285236,-16
1,"2010-06-29 23:16:23",52.8546845,4.6242061,-24,,17.1,6,22,7.7,7.4,16.6,0.7,0.12,-0.34,0.46,"0101000020E6100000D6DA45E22F7F1240F5F23B4D666D4A40",0,0.771765079460768,0.787400787401181,175.304611943344,-24
1,"2010-06-29 23:21:30",52.8525252,4.6238377,-16,,18.7,6,24.9,7.1,7.4,16.2,0.62,-0.01,-0.51,0.43,"0101000020E6100000250C5E4FCF7E12400882B68B1F6D4A40",0,0.802157242177141,0.802869852466762,-175.714098401102,-16
1,"2010-06-29 23:26:29",52.8445442,4.6257332,-11,,17.8,6,19.8,6.5,6.7,14.1,0.77,0.06,-0.58,0.48,"0101000020E6100000F1153834C080124064833B061A6C4A40",0,0.96585830078517,0.965867485734974,-179.863957872413,-11
1,"2010-06-29 23:31:38",52.8423056,4.6253786,-8,,18.7,6,24.9,5.9,6.7,13.4,0.6,-0.12,-0.64,0.4,"0101000020E61000001B796A3F638012406C9E7EABD06B4A40",0,0.871821679553523,0.885437744847146,-168.890046073985,-8
1,"2010-06-29 23:36:58",52.8403934,4.6249849,-2,,19,6,40.8,3.4,5.4,5.4,0.56,-0.07,-0.24,0.29,"0101000020E6100000AFF9A70AFC7F12401B63CC02926B4A40",0,0.596489107863556,0.613269924258479,-168.891227695934,-2
1,"2010-06-29 23:41:51",52.8388726,4.6245569,-2,,19.2,6,14,3,5.9,7.9,0.22,-0.21,-0.47,3.51,"0101000020E6100000EEF60FD88B7F12405841672D606B4A40",0,0.49972993399362,0.559821400091136,-152.976650879943,-2
1,"2010-06-29 23:46:56",52.8315371,4.6285227,6,,17.2,7,15,2.7,5.6,6.8,6.91,8.01,-5.66,3.59,"0101000020E6100000AB2C65749B83124091F4C4CE6F6A4A40",0,11.9975866654897,11.9976581048136,141.758261323754,6
1,"2010-06-29 23:51:58",52.8303216,4.6289212,-2,,17.4,6,13,3.1,5.1,7.9,0.17,-0.05,-0.37,3.23,"0101000020E6100000570B47EB03841240C9946AFA476A4A40",0,0.360991818255005,0.41024382993532,-169.859643475176,-2
1,"2010-06-29 23:57:03",52.8345939,4.6297859,-1,,16.7,6,14,3.1,4.8,7.9,-0.04,0.02,0,3.2,"0101000020E61000007EED4F98E684124076F810F9D36A4A40",0,0.0382870626468223,0.0447213595499958,37.2283760784096,-1
